Order_ID,Customer_ID,Customer_Type,Product,Category,Unit_Price,Quantity,Discount,Total_Price,Region,Order_Date
ORD1000,CUS2102,B2B,Cranberry Juice,Juices,129.41,26,0.1,3028.19,Central,2024-01-01
ORD1001,CUS2435,B2B,Apple Juice,Juices,285.32,46,0.1,11812.25,Central,2024-01-02
ORD1002,CUS2348,B2C,Pineapple Juice,Juices,198.42,34,0.1,6071.65,Western,2024-01-03
ORD1003,CUS2270,B2B,Apple Juice,Juices,151.65,85,0.1,11601.22,Uva,2024-01-04
ORD1004,CUS2106,B2B,Apple Juice,Juices,191.83,96,0.05,17494.9,Uva,2024-01-05
ORD1005,CUS2071,B2B,Apple Juice,Juices,296.01,95,0.1,25308.86,Western,2024-01-06
ORD1006,CUS2188,B2B,Avocado Juice,Juices,198.52,94,0.05,17727.84,Uva,2024-01-07
ORD1007,CUS2020,B2B,Apple Juice,Juices,165.75,36,0.05,5668.65,Sabaragamuwa,2024-01-08
ORD1008,CUS2102,B2B,Banana Juice,Juices,226.68,66,0.05,14212.84,Northern,2024-01-09
ORD1009,CUS2121,B2C,Cranberry Juice,Juices,148.03,40,0.05,5625.14,Western,2024-01-10
ORD1010,CUS2466,B2C,Tomato Juice,Juices,115.17,15,0.0,1727.55,Western,2024-01-11
ORD1011,CUS2214,B2B,Mango Juice,Juices,125.78,49,0.0,6163.22,Southern,2024-01-12
ORD1012,CUS2330,B2C,Apple Juice,Juices,125.61,21,0.1,2374.03,Eastern,2024-01-13
ORD1013,CUS2458,B2C,Pineapple Juice,Juices,130.38,62,0.0,8083.56,Eastern,2024-01-14
ORD1014,CUS2087,B2C,Apple Juice,Juices,127.77,80,0.0,10221.6,Sabaragamuwa,2024-01-15
ORD1015,CUS2372,B2C,Pineapple Juice,Juices,228.17,19,0.1,3901.71,Central,2024-01-16
ORD1016,CUS2099,B2B,Banana Juice,Juices,136.38,54,0.1,6628.07,Central,2024-01-17
ORD1017,CUS2359,B2C,Pineapple Juice,Juices,169.13,26,0.1,3957.64,North Western,2024-01-18
ORD1018,CUS2151,B2C,Mango Juice,Juices,279.36,35,0.0,9777.6,Sabaragamuwa,2024-01-19
ORD1019,CUS2130,B2B,Cranberry Juice,Juices,194.79,94,0.0,18310.26,Western,2024-01-20
ORD1020,CUS2149,B2B,Pineapple Juice,Juices,233.51,71,0.1,14921.29,Sabaragamuwa,2024-01-21
ORD1021,CUS2308,B2C,Pineapple Juice,Juices,134.46,55,0.05,7025.54,Sabaragamuwa,2024-01-22
ORD1022,CUS2257,B2C,Cranberry Juice,Juices,138.46,73,0.1,9096.82,Sabaragamuwa,2024-01-23
ORD1023,CUS2343,B2C,Mango Juice,Juices,108.17,11,0.05,1130.38,Eastern,2024-01-24
ORD1024,CUS2491,B2C,Apple Juice,Juices,133.79,63,0.05,8007.33,Sabaragamuwa,2024-01-25
ORD1025,CUS2413,B2C,Pineapple Juice,Juices,155.72,74,0.1,10370.95,Northern,2024-01-26
ORD1026,CUS2293,B2C,Cranberry Juice,Juices,135.4,60,0.1,7311.6,Central,2024-01-27
ORD1027,CUS2385,B2B,Banana Juice,Juices,117.74,62,0.1,6569.89,North Western,2024-01-28
ORD1028,CUS2191,B2C,Cranberry Juice,Juices,124.13,45,0.0,5585.85,Northern,2024-01-29
ORD1029,CUS2443,B2C,Banana Juice,Juices,192.16,35,0.05,6389.32,North Western,2024-01-30
ORD1030,CUS2276,B2B,Mango Juice,Juices,141.27,38,0.0,5368.26,Southern,2024-01-31
ORD1031,CUS2160,B2B,Apple Juice,Juices,172.85,30,0.0,5185.5,North Western,2024-02-01
ORD1032,CUS2459,B2B,Cranberry Juice,Juices,200.68,20,0.1,3612.24,Central,2024-02-02
ORD1033,CUS2313,B2B,Tomato Juice,Juices,238.08,49,0.0,11665.92,Central,2024-02-03
ORD1034,CUS2021,B2C,Tomato Juice,Juices,107.86,20,0.1,1941.48,Sabaragamuwa,2024-02-04
ORD1035,CUS2252,B2C,Avocado Juice,Juices,259.88,45,0.05,11109.87,North Central,2024-02-05
ORD1036,CUS2235,B2C,Pineapple Juice,Juices,225.58,68,0.1,13805.5,Southern,2024-02-06
ORD1037,CUS2344,B2C,Mango Juice,Juices,116.35,48,0.0,5584.8,Western,2024-02-07
ORD1038,CUS2048,B2C,Cranberry Juice,Juices,274.72,63,0.0,17307.36,Uva,2024-02-08
ORD1039,CUS2474,B2C,Tomato Juice,Juices,284.17,64,0.1,16368.19,North Western,2024-02-09
ORD1040,CUS2058,B2B,Pineapple Juice,Juices,112.22,33,0.1,3332.93,North Central,2024-02-10
ORD1041,CUS2169,B2C,Tomato Juice,Juices,155.38,31,0.0,4816.78,Sabaragamuwa,2024-02-11
ORD1042,CUS2475,B2B,Cranberry Juice,Juices,261.24,78,0.05,19357.88,Eastern,2024-02-12
ORD1043,CUS2187,B2B,Banana Juice,Juices,249.65,65,0.05,15415.89,Western,2024-02-13
ORD1044,CUS2463,B2C,Cranberry Juice,Juices,136.9,42,0.1,5174.82,North Central,2024-02-14
ORD1045,CUS2270,B2B,Avocado Juice,Juices,141.87,45,0.05,6064.94,Eastern,2024-02-15
ORD1046,CUS2189,B2C,Cranberry Juice,Juices,174.09,29,0.0,5048.61,Southern,2024-02-16
ORD1047,CUS2445,B2B,Cranberry Juice,Juices,196.9,92,0.1,16303.32,Sabaragamuwa,2024-02-17
ORD1048,CUS2174,B2C,Avocado Juice,Juices,223.65,90,0.0,20128.5,Western,2024-02-18
ORD1049,CUS2445,B2B,Mango Juice,Juices,173.78,71,0.0,12338.38,Western,2024-02-19
ORD1050,CUS2050,B2C,Cranberry Juice,Juices,192.51,82,0.05,14996.53,Western,2024-02-20
ORD1051,CUS2363,B2C,Avocado Juice,Juices,249.49,35,0.1,7858.94,Southern,2024-02-21
ORD1052,CUS2054,B2C,Pineapple Juice,Juices,107.34,75,0.1,7245.45,North Western,2024-02-22
ORD1053,CUS2243,B2C,Banana Juice,Juices,150.49,82,0.05,11723.17,Southern,2024-02-23
ORD1054,CUS2319,B2C,Banana Juice,Juices,242.67,82,0.0,19898.94,Uva,2024-02-24
ORD1055,CUS2130,B2B,Cranberry Juice,Juices,279.04,49,0.0,13672.96,Central,2024-02-25
ORD1056,CUS2484,B2B,Mango Juice,Juices,202.34,26,0.0,5260.84,Sabaragamuwa,2024-02-26
ORD1057,CUS2306,B2B,Mango Juice,Juices,206.42,10,0.0,2064.2,Southern,2024-02-27
ORD1058,CUS2134,B2C,Pineapple Juice,Juices,121.43,98,0.1,10710.13,Eastern,2024-02-28
ORD1059,CUS2020,B2B,Cranberry Juice,Juices,189.48,70,0.1,11937.24,Uva,2024-02-29
ORD1060,CUS2328,B2C,Banana Juice,Juices,206.52,52,0.05,10202.09,Central,2024-03-01
ORD1061,CUS2166,B2C,Mango Juice,Juices,148.49,51,0.05,7194.34,North Western,2024-03-02
ORD1062,CUS2273,B2B,Cranberry Juice,Juices,153.85,34,0.1,4707.81,Eastern,2024-03-03
ORD1063,CUS2387,B2B,Tomato Juice,Juices,175.46,48,0.1,7579.87,Sabaragamuwa,2024-03-04
ORD1064,CUS2088,B2C,Mango Juice,Juices,104.01,44,0.0,4576.44,Eastern,2024-03-05
ORD1065,CUS2315,B2B,Avocado Juice,Juices,164.42,12,0.0,1973.04,Central,2024-03-06
ORD1066,CUS2013,B2C,Tomato Juice,Juices,142.29,53,0.05,7164.3,Eastern,2024-03-07
ORD1067,CUS2241,B2C,Mango Juice,Juices,165.5,60,0.1,8937.0,Northern,2024-03-08
ORD1068,CUS2264,B2C,Banana Juice,Juices,123.95,21,0.05,2472.8,North Central,2024-03-09
ORD1069,CUS2345,B2C,Apple Juice,Juices,278.11,28,0.1,7008.37,North Western,2024-03-10
ORD1070,CUS2052,B2C,Tomato Juice,Juices,218.72,53,0.0,11592.16,Central,2024-03-11
ORD1071,CUS2385,B2B,Pineapple Juice,Juices,235.82,68,0.05,15233.97,Eastern,2024-03-12
ORD1072,CUS2339,B2B,Pineapple Juice,Juices,257.83,58,0.05,14206.43,North Central,2024-03-13
ORD1073,CUS2091,B2C,Banana Juice,Juices,199.69,70,0.1,12580.47,North Central,2024-03-14
ORD1074,CUS2366,B2C,Mango Juice,Juices,117.38,26,0.0,3051.88,Eastern,2024-03-15
ORD1075,CUS2443,B2B,Cranberry Juice,Juices,207.42,83,0.05,16355.07,Sabaragamuwa,2024-03-16
ORD1076,CUS2454,B2B,Mango Juice,Juices,217.37,66,0.0,14346.42,Northern,2024-03-17
ORD1077,CUS2427,B2C,Banana Juice,Juices,249.09,64,0.05,15144.67,Southern,2024-03-18
ORD1078,CUS2263,B2B,Pineapple Juice,Juices,186.33,56,0.0,10434.48,Northern,2024-03-19
ORD1079,CUS2430,B2C,Mango Juice,Juices,125.52,21,0.1,2372.33,Eastern,2024-03-20
ORD1080,CUS2034,B2B,Pineapple Juice,Juices,156.76,71,0.05,10573.46,North Western,2024-03-21
ORD1081,CUS2205,B2C,Tomato Juice,Juices,172.62,89,0.05,14595.02,Southern,2024-03-22
ORD1082,CUS2080,B2B,Cranberry Juice,Juices,229.18,97,0.0,22230.46,Central,2024-03-23
ORD1083,CUS2419,B2C,Tomato Juice,Juices,214.16,92,0.0,19702.72,Northern,2024-03-24
ORD1084,CUS2049,B2B,Pineapple Juice,Juices,171.22,17,0.05,2765.2,Eastern,2024-03-25
ORD1085,CUS2359,B2B,Pineapple Juice,Juices,297.3,30,0.1,8027.1,Northern,2024-03-26
ORD1086,CUS2387,B2C,Apple Juice,Juices,221.15,90,0.0,19903.5,Southern,2024-03-27
ORD1087,CUS2001,B2B,Apple Juice,Juices,147.45,96,0.0,14155.2,Uva,2024-03-28
ORD1088,CUS2389,B2C,Tomato Juice,Juices,120.36,89,0.0,10712.04,Northern,2024-03-29
ORD1089,CUS2053,B2B,Avocado Juice,Juices,130.57,79,0.05,9799.28,Central,2024-03-30
ORD1090,CUS2105,B2C,Tomato Juice,Juices,149.19,81,0.05,11480.17,Central,2024-03-31
ORD1091,CUS2259,B2B,Apple Juice,Juices,132.14,34,0.05,4268.12,Western,2024-04-01
ORD1092,CUS2309,B2C,Pineapple Juice,Juices,137.31,91,0.05,11870.45,Northern,2024-04-02
ORD1093,CUS2476,B2B,Banana Juice,Juices,157.02,98,0.1,13849.16,Sabaragamuwa,2024-04-03
ORD1094,CUS2190,B2C,Tomato Juice,Juices,134.67,21,0.1,2545.26,North Central,2024-04-04
ORD1095,CUS2401,B2B,Pineapple Juice,Juices,279.35,24,0.05,6369.18,North Central,2024-04-05
ORD1096,CUS2217,B2C,Banana Juice,Juices,116.05,68,0.1,7102.26,North Central,2024-04-06
ORD1097,CUS2043,B2C,Banana Juice,Juices,204.9,35,0.0,7171.5,Uva,2024-04-07
ORD1098,CUS2161,B2C,Apple Juice,Juices,182.08,35,0.0,6372.8,Western,2024-04-08
ORD1099,CUS2201,B2B,Tomato Juice,Juices,296.48,56,0.0,16602.88,Uva,2024-04-09
ORD1100,CUS2445,B2C,Mango Juice,Juices,122.41,41,0.05,4767.87,Northern,2024-04-10
ORD1101,CUS2483,B2B,Cranberry Juice,Juices,179.57,19,0.0,3411.83,Northern,2024-04-11
ORD1102,CUS2269,B2C,Apple Juice,Juices,293.89,25,0.1,6612.52,Northern,2024-04-12
ORD1103,CUS2350,B2B,Apple Juice,Juices,273.1,80,0.05,20755.6,North Western,2024-04-13
ORD1104,CUS2303,B2C,Mango Juice,Juices,263.41,26,0.1,6163.79,North Central,2024-04-14
ORD1105,CUS2270,B2B,Cranberry Juice,Juices,151.58,32,0.0,4850.56,North Western,2024-04-15
ORD1106,CUS2455,B2B,Pineapple Juice,Juices,134.18,35,0.0,4696.3,Western,2024-04-16
ORD1107,CUS2461,B2C,Avocado Juice,Juices,233.73,94,0.0,21970.62,Uva,2024-04-17
ORD1108,CUS2214,B2B,Tomato Juice,Juices,285.88,95,0.05,25800.67,North Central,2024-04-18
ORD1109,CUS2251,B2B,Avocado Juice,Juices,211.35,16,0.1,3043.44,North Western,2024-04-19
ORD1110,CUS2189,B2C,Pineapple Juice,Juices,214.32,23,0.05,4682.89,North Western,2024-04-20
ORD1111,CUS2295,B2B,Apple Juice,Juices,156.0,88,0.05,13041.6,Eastern,2024-04-21
ORD1112,CUS2212,B2B,Cranberry Juice,Juices,253.9,16,0.0,4062.4,North Western,2024-04-22
ORD1113,CUS2207,B2B,Apple Juice,Juices,137.41,18,0.05,2349.71,Sabaragamuwa,2024-04-23
ORD1114,CUS2236,B2C,Banana Juice,Juices,164.74,57,0.05,8920.67,Sabaragamuwa,2024-04-24
ORD1115,CUS2337,B2B,Apple Juice,Juices,185.09,81,0.0,14992.29,Uva,2024-04-25
ORD1116,CUS2366,B2C,Apple Juice,Juices,201.52,68,0.05,13018.19,Sabaragamuwa,2024-04-26
ORD1117,CUS2052,B2B,Pineapple Juice,Juices,148.48,96,0.0,14254.08,Uva,2024-04-27
ORD1118,CUS2279,B2B,Pineapple Juice,Juices,122.97,91,0.0,11190.27,Uva,2024-04-28
ORD1119,CUS2409,B2B,Pineapple Juice,Juices,222.12,48,0.0,10661.76,Western,2024-04-29
ORD1120,CUS2216,B2C,Avocado Juice,Juices,157.73,27,0.0,4258.71,Eastern,2024-04-30
ORD1121,CUS2251,B2B,Banana Juice,Juices,216.25,68,0.05,13969.75,Northern,2024-05-01
ORD1122,CUS2187,B2B,Pineapple Juice,Juices,130.87,26,0.0,3402.62,Central,2024-05-02
ORD1123,CUS2379,B2C,Cranberry Juice,Juices,196.23,23,0.0,4513.29,Uva,2024-05-03
ORD1124,CUS2492,B2B,Avocado Juice,Juices,206.52,40,0.05,7847.76,Southern,2024-05-04
ORD1125,CUS2040,B2C,Mango Juice,Juices,110.36,33,0.05,3459.79,Northern,2024-05-05
ORD1126,CUS2156,B2C,Cranberry Juice,Juices,167.32,69,0.1,10390.57,North Central,2024-05-06
ORD1127,CUS2014,B2B,Tomato Juice,Juices,126.88,54,0.05,6508.94,Sabaragamuwa,2024-05-07
ORD1128,CUS2300,B2C,Tomato Juice,Juices,112.67,12,0.05,1284.44,Central,2024-05-08
ORD1129,CUS2064,B2B,Cranberry Juice,Juices,297.99,46,0.1,12336.79,Southern,2024-05-09
ORD1130,CUS2344,B2C,Pineapple Juice,Juices,164.47,52,0.05,8124.82,Northern,2024-05-10
ORD1131,CUS2326,B2C,Mango Juice,Juices,261.97,49,0.05,12194.7,Western,2024-05-11
ORD1132,CUS2008,B2B,Mango Juice,Juices,150.93,99,0.05,14194.97,North Central,2024-05-12
ORD1133,CUS2343,B2C,Avocado Juice,Juices,236.3,64,0.05,14367.04,Central,2024-05-13
ORD1134,CUS2128,B2C,Mango Juice,Juices,252.05,96,0.1,21777.12,Eastern,2024-05-14
ORD1135,CUS2491,B2C,Tomato Juice,Juices,219.13,48,0.05,9992.33,Western,2024-05-15
ORD1136,CUS2135,B2C,Banana Juice,Juices,194.32,24,0.05,4430.5,Southern,2024-05-16
ORD1137,CUS2471,B2C,Pineapple Juice,Juices,182.37,13,0.1,2133.73,Central,2024-05-17
ORD1138,CUS2062,B2B,Mango Juice,Juices,169.77,95,0.0,16128.15,Western,2024-05-18
ORD1139,CUS2138,B2C,Avocado Juice,Juices,285.91,34,0.1,8748.85,North Central,2024-05-19
ORD1140,CUS2498,B2B,Tomato Juice,Juices,266.12,22,0.0,5854.64,Eastern,2024-05-20
ORD1141,CUS2080,B2C,Banana Juice,Juices,293.01,91,0.1,23997.52,Western,2024-05-21
ORD1142,CUS2391,B2B,Apple Juice,Juices,124.86,42,0.1,4719.71,North Western,2024-05-22
ORD1143,CUS2162,B2B,Apple Juice,Juices,246.17,25,0.05,5846.54,Eastern,2024-05-23
ORD1144,CUS2418,B2C,Banana Juice,Juices,287.67,51,0.0,14671.17,Southern,2024-05-24
ORD1145,CUS2288,B2C,Tomato Juice,Juices,136.25,75,0.05,9707.81,North Central,2024-05-25
ORD1146,CUS2378,B2C,Avocado Juice,Juices,113.3,64,0.0,7251.2,Sabaragamuwa,2024-05-26
ORD1147,CUS2260,B2B,Banana Juice,Juices,248.22,51,0.1,11393.3,Sabaragamuwa,2024-05-27
ORD1148,CUS2489,B2C,Pineapple Juice,Juices,214.89,43,0.1,8316.24,Sabaragamuwa,2024-05-28
ORD1149,CUS2230,B2B,Pineapple Juice,Juices,268.37,39,0.0,10466.43,Central,2024-05-29
ORD1150,CUS2040,B2B,Apple Juice,Juices,127.95,22,0.05,2674.16,Southern,2024-05-30
ORD1151,CUS2027,B2B,Mango Juice,Juices,259.05,22,0.05,5414.14,North Central,2024-05-31
ORD1152,CUS2134,B2C,Avocado Juice,Juices,140.33,27,0.05,3599.46,Eastern,2024-06-01
ORD1153,CUS2200,B2C,Apple Juice,Juices,132.73,41,0.05,5169.83,Central,2024-06-02
ORD1154,CUS2327,B2B,Mango Juice,Juices,132.85,48,0.1,5739.12,Southern,2024-06-03
ORD1155,CUS2267,B2B,Mango Juice,Juices,262.91,55,0.1,13014.05,North Western,2024-06-04
ORD1156,CUS2417,B2C,Pineapple Juice,Juices,233.04,38,0.1,7969.97,North Central,2024-06-05
ORD1157,CUS2032,B2B,Tomato Juice,Juices,204.61,71,0.1,13074.58,Sabaragamuwa,2024-06-06
ORD1158,CUS2047,B2C,Cranberry Juice,Juices,171.77,71,0.1,10976.1,Western,2024-06-07
ORD1159,CUS2406,B2B,Tomato Juice,Juices,275.44,66,0.05,17270.09,North Central,2024-06-08
ORD1160,CUS2061,B2C,Cranberry Juice,Juices,178.49,25,0.05,4239.14,Uva,2024-06-09
ORD1161,CUS2215,B2B,Banana Juice,Juices,263.32,65,0.05,16260.01,Southern,2024-06-10
ORD1162,CUS2292,B2C,Pineapple Juice,Juices,187.83,19,0.05,3390.33,Northern,2024-06-11
ORD1163,CUS2098,B2B,Mango Juice,Juices,175.39,39,0.1,6156.19,North Western,2024-06-12
ORD1164,CUS2171,B2C,Avocado Juice,Juices,192.54,34,0.1,5891.72,North Central,2024-06-13
ORD1165,CUS2359,B2C,Cranberry Juice,Juices,160.28,93,0.1,13415.44,Northern,2024-06-14
ORD1166,CUS2213,B2B,Tomato Juice,Juices,249.52,14,0.0,3493.28,Uva,2024-06-15
ORD1167,CUS2474,B2B,Mango Juice,Juices,200.54,74,0.05,14097.96,Eastern,2024-06-16
ORD1168,CUS2034,B2C,Cranberry Juice,Juices,146.44,58,0.05,8068.84,Western,2024-06-17
ORD1169,CUS2448,B2B,Cranberry Juice,Juices,279.91,12,0.1,3023.03,Northern,2024-06-18
ORD1170,CUS2226,B2C,Cranberry Juice,Juices,176.78,54,0.05,9068.81,Southern,2024-06-19
ORD1171,CUS2100,B2B,Avocado Juice,Juices,208.71,23,0.05,4560.31,Sabaragamuwa,2024-06-20
ORD1172,CUS2430,B2C,Pineapple Juice,Juices,281.29,39,0.1,9873.28,Uva,2024-06-21
ORD1173,CUS2461,B2C,Avocado Juice,Juices,224.85,77,0.0,17313.45,Western,2024-06-22
ORD1174,CUS2130,B2C,Apple Juice,Juices,123.38,27,0.0,3331.26,North Western,2024-06-23
ORD1175,CUS2256,B2C,Mango Juice,Juices,287.97,71,0.0,20445.87,Sabaragamuwa,2024-06-24
ORD1176,CUS2004,B2C,Pineapple Juice,Juices,225.54,46,0.1,9337.36,North Central,2024-06-25
ORD1177,CUS2217,B2C,Pineapple Juice,Juices,166.98,34,0.05,5393.45,Northern,2024-06-26
ORD1178,CUS2254,B2B,Pineapple Juice,Juices,127.85,57,0.1,6558.7,Western,2024-06-27
ORD1179,CUS2397,B2B,Tomato Juice,Juices,258.81,74,0.1,17236.75,Central,2024-06-28
ORD1180,CUS2358,B2B,Pineapple Juice,Juices,224.01,62,0.05,13194.19,Eastern,2024-06-29
ORD1181,CUS2282,B2C,Avocado Juice,Juices,206.69,88,0.0,18188.72,Eastern,2024-06-30
ORD1182,CUS2392,B2C,Pineapple Juice,Juices,278.78,82,0.0,22859.96,Uva,2024-07-02
ORD1183,CUS2206,B2C,Banana Juice,Juices,257.72,24,0.1,5566.75,North Western,2024-07-03
ORD1184,CUS2014,B2C,Mango Juice,Juices,130.33,58,0.0,7559.14,Uva,2024-07-04
ORD1185,CUS2345,B2B,Pineapple Juice,Juices,162.34,97,0.1,14172.28,Central,2024-07-05
ORD1186,CUS2041,B2B,Mango Juice,Juices,149.7,77,0.1,10374.21,Southern,2024-07-06
ORD1187,CUS2379,B2C,Banana Juice,Juices,248.79,21,0.05,4963.36,North Western,2024-07-07
ORD1188,CUS2460,B2B,Banana Juice,Juices,106.71,68,0.05,6893.47,Southern,2024-07-08
ORD1189,CUS2178,B2B,Mango Juice,Juices,213.98,46,0.05,9350.93,North Western,2024-07-09
ORD1190,CUS2062,B2C,Cranberry Juice,Juices,252.49,70,0.1,15906.87,North Western,2024-07-10
ORD1191,CUS2351,B2B,Apple Juice,Juices,275.35,52,0.05,13602.29,Central,2024-07-11
ORD1192,CUS2230,B2C,Tomato Juice,Juices,168.42,79,0.0,13305.18,North Central,2024-07-12
ORD1193,CUS2240,B2B,Cranberry Juice,Juices,264.25,48,0.0,12684.0,Central,2024-07-13
ORD1194,CUS2051,B2C,Cranberry Juice,Juices,122.13,65,0.1,7144.6,North Western,2024-07-14
ORD1195,CUS2095,B2C,Avocado Juice,Juices,269.29,72,0.1,17449.99,Western,2024-07-15
ORD1196,CUS2387,B2C,Tomato Juice,Juices,125.5,55,0.05,6557.38,Southern,2024-07-16
ORD1197,CUS2221,B2C,Tomato Juice,Juices,179.46,97,0.1,15666.86,Central,2024-07-17
ORD1198,CUS2484,B2B,Cranberry Juice,Juices,259.46,20,0.1,4670.28,North Central,2024-07-18
ORD1199,CUS2406,B2C,Pineapple Juice,Juices,129.98,71,0.0,9228.58,Northern,2024-07-19
ORD1200,CUS2230,B2C,Avocado Juice,Juices,145.85,86,0.0,12543.1,Uva,2024-07-20
ORD1201,CUS2236,B2C,Avocado Juice,Juices,244.45,34,0.05,7895.73,North Western,2024-07-21
ORD1202,CUS2142,B2B,Banana Juice,Juices,244.01,80,0.1,17568.72,Northern,2024-07-22
ORD1203,CUS2170,B2C,Tomato Juice,Juices,228.23,61,0.1,12529.83,Eastern,2024-07-23
ORD1204,CUS2028,B2B,Cranberry Juice,Juices,238.79,13,0.0,3104.27,Sabaragamuwa,2024-07-24
ORD1205,CUS2035,B2C,Banana Juice,Juices,208.54,68,0.1,12762.65,North Central,2024-07-25
ORD1206,CUS2012,B2B,Mango Juice,Juices,150.36,81,0.0,12179.16,Sabaragamuwa,2024-07-26
ORD1207,CUS2159,B2B,Apple Juice,Juices,169.14,29,0.05,4659.81,North Central,2024-07-27
ORD1208,CUS2326,B2C,Avocado Juice,Juices,136.32,72,0.0,9815.04,Western,2024-07-28
ORD1209,CUS2186,B2B,Mango Juice,Juices,281.69,63,0.1,15971.82,Uva,2024-07-29
ORD1210,CUS2242,B2C,Mango Juice,Juices,216.68,83,0.05,17085.22,Northern,2024-07-30
ORD1211,CUS2085,B2C,Pineapple Juice,Juices,180.17,66,0.0,11891.22,Southern,2024-07-31
ORD1212,CUS2283,B2C,Apple Juice,Juices,192.4,99,0.0,19047.6,North Central,2024-08-01
ORD1213,CUS2065,B2B,Mango Juice,Juices,289.46,50,0.05,13749.35,Southern,2024-08-02
ORD1214,CUS2169,B2B,Mango Juice,Juices,130.67,12,0.05,1489.64,Uva,2024-08-03
ORD1215,CUS2044,B2C,Apple Juice,Juices,217.25,15,0.0,3258.75,North Western,2024-08-04
ORD1216,CUS2061,B2C,Apple Juice,Juices,201.18,14,0.1,2534.87,Eastern,2024-08-05
ORD1217,CUS2440,B2B,Mango Juice,Juices,222.29,14,0.0,3112.06,Northern,2024-08-06
ORD1218,CUS2133,B2C,Apple Juice,Juices,103.62,63,0.05,6201.66,Uva,2024-08-07
ORD1219,CUS2283,B2C,Mango Juice,Juices,274.42,56,0.0,15367.52,Uva,2024-08-08
ORD1220,CUS2027,B2C,Mango Juice,Juices,286.42,96,0.05,26121.5,Western,2024-08-09
ORD1221,CUS2107,B2B,Pineapple Juice,Juices,213.03,58,0.05,11737.95,Sabaragamuwa,2024-08-10
ORD1222,CUS2043,B2B,Cranberry Juice,Juices,239.33,18,0.1,3877.15,Eastern,2024-08-11
ORD1223,CUS2339,B2B,Mango Juice,Juices,284.5,29,0.05,7837.98,Northern,2024-08-12
ORD1224,CUS2285,B2C,Banana Juice,Juices,241.45,70,0.05,16056.42,North Western,2024-08-13
ORD1225,CUS2445,B2C,Avocado Juice,Juices,130.51,44,0.1,5168.2,North Western,2024-08-14
ORD1226,CUS2330,B2C,Tomato Juice,Juices,215.26,59,0.05,12065.32,Central,2024-08-15
ORD1227,CUS2127,B2B,Cranberry Juice,Juices,221.34,91,0.1,18127.75,Uva,2024-08-16
ORD1228,CUS2347,B2C,Cranberry Juice,Juices,184.83,71,0.1,11810.64,North Central,2024-08-17
ORD1229,CUS2472,B2C,Cranberry Juice,Juices,247.29,26,0.05,6108.06,Western,2024-08-18
ORD1230,CUS2230,B2C,Pineapple Juice,Juices,286.87,97,0.05,26435.07,Eastern,2024-08-19
ORD1231,CUS2189,B2C,Mango Juice,Juices,285.11,12,0.0,3421.32,North Western,2024-08-20
ORD1232,CUS2224,B2B,Pineapple Juice,Juices,190.17,41,0.1,7017.27,Northern,2024-08-21
ORD1233,CUS2384,B2B,Mango Juice,Juices,122.65,22,0.0,2698.3,Central,2024-08-22
ORD1234,CUS2376,B2C,Pineapple Juice,Juices,296.97,98,0.05,27647.91,Northern,2024-08-23
ORD1235,CUS2282,B2B,Pineapple Juice,Juices,267.78,82,0.0,21957.96,Western,2024-08-24
ORD1236,CUS2445,B2B,Avocado Juice,Juices,124.93,77,0.1,8657.65,North Central,2024-08-25
ORD1237,CUS2120,B2C,Banana Juice,Juices,284.17,23,0.0,6535.91,Central,2024-08-26
ORD1238,CUS2115,B2C,Pineapple Juice,Juices,273.98,20,0.1,4931.64,Central,2024-08-27
ORD1239,CUS2460,B2B,Avocado Juice,Juices,203.77,65,0.05,12582.8,Sabaragamuwa,2024-08-28
ORD1240,CUS2232,B2C,Apple Juice,Juices,218.26,76,0.05,15758.37,Eastern,2024-08-29
ORD1241,CUS2258,B2B,Banana Juice,Juices,179.8,38,0.1,6149.16,Central,2024-08-30
ORD1242,CUS2358,B2C,Pineapple Juice,Juices,110.95,18,0.05,1897.24,Sabaragamuwa,2024-08-31
ORD1243,CUS2197,B2B,Tomato Juice,Juices,167.04,76,0.05,12060.29,Sabaragamuwa,2024-09-01
ORD1244,CUS2455,B2C,Cranberry Juice,Juices,260.57,34,0.05,8416.41,Western,2024-09-02
ORD1245,CUS2410,B2B,Apple Juice,Juices,100.93,85,0.05,8150.1,Southern,2024-09-03
ORD1246,CUS2136,B2B,Apple Juice,Juices,166.7,51,0.1,7651.53,Northern,2024-09-04
ORD1247,CUS2317,B2B,Avocado Juice,Juices,179.63,18,0.0,3233.34,North Central,2024-09-05
ORD1248,CUS2164,B2C,Apple Juice,Juices,207.48,88,0.0,18258.24,Northern,2024-09-06
ORD1249,CUS2224,B2B,Banana Juice,Juices,283.97,49,0.05,13218.8,Central,2024-09-07
ORD1250,CUS2306,B2B,Pineapple Juice,Juices,169.27,34,0.0,5755.18,North Central,2024-09-08
ORD1251,CUS2233,B2C,Pineapple Juice,Juices,169.39,14,0.0,2371.46,North Western,2024-09-09
ORD1252,CUS2171,B2C,Tomato Juice,Juices,247.5,20,0.05,4702.5,Southern,2024-09-10
ORD1253,CUS2151,B2B,Cranberry Juice,Juices,190.44,68,0.05,12302.42,North Western,2024-09-11
ORD1254,CUS2462,B2B,Avocado Juice,Juices,144.92,97,0.0,14057.24,North Western,2024-09-12
ORD1255,CUS2314,B2C,Cranberry Juice,Juices,190.49,88,0.1,15086.81,Eastern,2024-09-13
ORD1256,CUS2373,B2C,Apple Juice,Juices,128.17,47,0.05,5722.79,Northern,2024-09-14
ORD1257,CUS2159,B2C,Tomato Juice,Juices,135.28,81,0.1,9861.91,Western,2024-09-15
ORD1258,CUS2095,B2C,Cranberry Juice,Juices,199.67,14,0.0,2795.38,North Western,2024-09-16
ORD1259,CUS2471,B2C,Banana Juice,Juices,183.79,57,0.05,9952.23,Central,2024-09-17
ORD1260,CUS2232,B2B,Pineapple Juice,Juices,282.97,99,0.1,25212.63,Southern,2024-09-18
ORD1261,CUS2179,B2C,Apple Juice,Juices,172.48,27,0.05,4424.11,Uva,2024-09-19
ORD1262,CUS2112,B2B,Tomato Juice,Juices,216.12,79,0.0,17073.48,North Western,2024-09-20
ORD1263,CUS2317,B2B,Cranberry Juice,Juices,226.45,46,0.1,9375.03,Southern,2024-09-21
ORD1264,CUS2496,B2B,Avocado Juice,Juices,102.62,69,0.0,7080.78,North Central,2024-09-22
ORD1265,CUS2441,B2C,Banana Juice,Juices,232.71,57,0.0,13264.47,Northern,2024-09-23
ORD1266,CUS2051,B2B,Banana Juice,Juices,135.61,86,0.05,11079.34,Sabaragamuwa,2024-09-24
ORD1267,CUS2267,B2B,Cranberry Juice,Juices,292.21,37,0.1,9730.59,Eastern,2024-09-25
ORD1268,CUS2294,B2C,Pineapple Juice,Juices,129.73,78,0.0,10118.94,Southern,2024-09-26
ORD1269,CUS2385,B2B,Cranberry Juice,Juices,182.92,86,0.0,15731.12,Central,2024-09-27
ORD1270,CUS2386,B2B,Apple Juice,Juices,117.07,90,0.1,9482.67,Central,2024-09-28
ORD1271,CUS2112,B2C,Cranberry Juice,Juices,299.37,49,0.0,14669.13,Southern,2024-09-29
ORD1272,CUS2100,B2B,Banana Juice,Juices,200.44,54,0.0,10823.76,Central,2024-09-30
ORD1273,CUS2112,B2B,Tomato Juice,Juices,219.08,71,0.1,13999.21,Northern,2024-10-01
ORD1274,CUS2439,B2B,Cranberry Juice,Juices,113.42,67,0.1,6839.23,Central,2024-10-02
ORD1275,CUS2080,B2C,Pineapple Juice,Juices,249.99,76,0.1,17099.32,Sabaragamuwa,2024-10-03
ORD1276,CUS2186,B2C,Tomato Juice,Juices,141.98,65,0.1,8305.83,Central,2024-10-04
ORD1277,CUS2112,B2C,Avocado Juice,Juices,279.61,49,0.05,13015.85,Sabaragamuwa,2024-10-05
ORD1278,CUS2001,B2B,Mango Juice,Juices,141.03,49,0.1,6219.42,North Western,2024-10-06
ORD1279,CUS2129,B2B,Cranberry Juice,Juices,138.14,86,0.05,11286.04,Western,2024-10-07
ORD1280,CUS2219,B2C,Pineapple Juice,Juices,107.31,42,0.05,4281.67,Northern,2024-10-08
ORD1281,CUS2053,B2B,Tomato Juice,Juices,194.41,15,0.05,2770.34,Western,2024-10-09
ORD1282,CUS2342,B2B,Pineapple Juice,Juices,212.97,97,0.0,20658.09,North Western,2024-10-10
ORD1283,CUS2484,B2C,Avocado Juice,Juices,113.14,28,0.05,3009.52,Northern,2024-10-11
ORD1284,CUS2223,B2C,Banana Juice,Juices,255.11,89,0.05,21569.55,Southern,2024-10-12
ORD1285,CUS2224,B2B,Pineapple Juice,Juices,190.66,49,0.0,9342.34,Southern,2024-10-13
ORD1286,CUS2384,B2B,Tomato Juice,Juices,204.88,68,0.0,13931.84,Sabaragamuwa,2024-10-14
ORD1287,CUS2402,B2B,Pineapple Juice,Juices,188.15,68,0.0,12794.2,North Western,2024-10-15
ORD1288,CUS2125,B2C,Pineapple Juice,Juices,180.15,57,0.1,9241.7,Sabaragamuwa,2024-10-16
ORD1289,CUS2129,B2C,Pineapple Juice,Juices,211.93,50,0.0,10596.5,Eastern,2024-10-17
ORD1290,CUS2052,B2C,Apple Juice,Juices,131.05,22,0.0,2883.1,Central,2024-10-18
ORD1291,CUS2171,B2C,Apple Juice,Juices,136.39,54,0.05,6996.81,Uva,2024-10-19
ORD1292,CUS2217,B2B,Banana Juice,Juices,272.36,98,0.0,26691.28,Eastern,2024-10-20
ORD1293,CUS2159,B2C,Cranberry Juice,Juices,289.22,62,0.1,16138.48,Central,2024-10-21
ORD1294,CUS2197,B2C,Pineapple Juice,Juices,174.66,51,0.0,8907.66,Northern,2024-10-22
ORD1295,CUS2415,B2C,Avocado Juice,Juices,154.15,72,0.1,9988.92,Sabaragamuwa,2024-10-23
ORD1296,CUS2246,B2C,Cranberry Juice,Juices,228.8,36,0.0,8236.8,Northern,2024-10-24
ORD1297,CUS2323,B2C,Avocado Juice,Juices,181.75,47,0.0,8542.25,Northern,2024-10-25
ORD1298,CUS2438,B2B,Cranberry Juice,Juices,105.08,69,0.0,7250.52,Central,2024-10-26
ORD1299,CUS2202,B2B,Banana Juice,Juices,131.23,16,0.0,2099.68,North Western,2024-10-27
ORD1300,CUS2183,B2C,Pineapple Juice,Juices,243.19,14,0.1,3064.19,Central,2024-10-28
ORD1301,CUS2122,B2B,Pineapple Juice,Juices,231.78,54,0.1,11264.51,North Central,2024-10-29
ORD1302,CUS2400,B2C,Mango Juice,Juices,105.42,67,0.05,6709.98,Southern,2024-10-30
ORD1303,CUS2254,B2C,Avocado Juice,Juices,144.39,40,0.1,5198.04,Southern,2024-10-31
ORD1304,CUS2293,B2B,Cranberry Juice,Juices,146.21,32,0.0,4678.72,Eastern,2024-11-01
ORD1305,CUS2279,B2B,Cranberry Juice,Juices,234.38,51,0.05,11355.71,Southern,2024-11-02
ORD1306,CUS2324,B2C,Apple Juice,Juices,103.94,19,0.05,1876.12,Central,2024-11-03
ORD1307,CUS2371,B2C,Mango Juice,Juices,120.82,41,0.05,4705.94,Sabaragamuwa,2024-11-04
ORD1308,CUS2097,B2C,Tomato Juice,Juices,259.98,62,0.0,16118.76,Central,2024-11-05
ORD1309,CUS2197,B2B,Tomato Juice,Juices,135.71,39,0.1,4763.42,Central,2024-11-06
ORD1310,CUS2469,B2C,Apple Juice,Juices,230.55,48,0.0,11066.4,Uva,2024-11-07
ORD1311,CUS2394,B2C,Apple Juice,Juices,147.64,40,0.05,5610.32,Sabaragamuwa,2024-11-08
ORD1312,CUS2239,B2C,Apple Juice,Juices,119.89,91,0.0,10909.99,North Central,2024-11-09
ORD1313,CUS2143,B2B,Avocado Juice,Juices,148.63,11,0.0,1634.93,Southern,2024-11-10
ORD1314,CUS2096,B2C,Avocado Juice,Juices,244.45,87,0.1,19140.43,Sabaragamuwa,2024-11-11
ORD1315,CUS2200,B2C,Banana Juice,Juices,271.14,86,0.1,20986.24,Southern,2024-11-12
ORD1316,CUS2123,B2B,Banana Juice,Juices,266.04,21,0.05,5307.5,Eastern,2024-11-13
ORD1317,CUS2186,B2C,Apple Juice,Juices,179.44,48,0.0,8613.12,Sabaragamuwa,2024-11-14
ORD1318,CUS2325,B2C,Mango Juice,Juices,233.62,75,0.0,17521.5,Southern,2024-11-15
ORD1319,CUS2463,B2B,Cranberry Juice,Juices,141.0,22,0.1,2791.8,North Central,2024-11-16
ORD1320,CUS2348,B2C,Avocado Juice,Juices,158.63,55,0.0,8724.65,Western,2024-11-17
ORD1321,CUS2258,B2B,Mango Juice,Juices,279.27,36,0.0,10053.72,Northern,2024-11-18
ORD1322,CUS2147,B2B,Pineapple Juice,Juices,102.6,26,0.0,2667.6,Northern,2024-11-19
ORD1323,CUS2251,B2C,Avocado Juice,Juices,117.1,69,0.1,7271.91,North Central,2024-11-20
ORD1324,CUS2442,B2C,Avocado Juice,Juices,141.58,73,0.05,9818.57,Uva,2024-11-21
ORD1325,CUS2419,B2C,Banana Juice,Juices,105.31,97,0.05,9704.32,Western,2024-11-22
ORD1326,CUS2402,B2C,Cranberry Juice,Juices,136.29,44,0.0,5996.76,Eastern,2024-11-23
ORD1327,CUS2345,B2B,Cranberry Juice,Juices,216.61,79,0.05,16256.58,North Central,2024-11-24
ORD1328,CUS2450,B2C,Tomato Juice,Juices,184.28,92,0.1,15258.38,Northern,2024-11-25
ORD1329,CUS2146,B2B,Tomato Juice,Juices,278.53,39,0.1,9776.4,Northern,2024-11-26
ORD1330,CUS2147,B2C,Tomato Juice,Juices,263.49,80,0.05,20025.24,Northern,2024-11-27
ORD1331,CUS2351,B2C,Tomato Juice,Juices,168.36,83,0.05,13275.19,North Western,2024-11-28
ORD1332,CUS2198,B2C,Pineapple Juice,Juices,151.88,72,0.0,10935.36,North Central,2024-11-29
ORD1333,CUS2307,B2B,Pineapple Juice,Juices,175.94,37,0.05,6184.29,Central,2024-11-30
ORD1334,CUS2488,B2C,Avocado Juice,Juices,218.06,69,0.0,15046.14,Eastern,2024-12-01
ORD1335,CUS2416,B2C,Apple Juice,Juices,153.61,88,0.0,13517.68,Northern,2024-12-02
ORD1336,CUS2423,B2C,Banana Juice,Juices,224.83,46,0.1,9307.96,Southern,2024-12-03
ORD1337,CUS2127,B2C,Banana Juice,Juices,181.88,31,0.1,5074.45,North Central,2024-12-04
ORD1338,CUS2038,B2B,Tomato Juice,Juices,210.41,77,0.1,14581.41,North Western,2024-12-05
ORD1339,CUS2337,B2C,Avocado Juice,Juices,187.23,29,0.1,4886.7,North Central,2024-12-06
ORD1340,CUS2359,B2B,Mango Juice,Juices,158.89,77,0.05,11622.8,Eastern,2024-12-07
ORD1341,CUS2128,B2B,Apple Juice,Juices,289.69,73,0.1,19032.63,North Western,2024-12-08
ORD1342,CUS2266,B2B,Avocado Juice,Juices,252.72,26,0.05,6242.18,Eastern,2024-12-09
ORD1343,CUS2475,B2B,Apple Juice,Juices,128.02,21,0.1,2419.58,North Central,2024-12-10
ORD1344,CUS2440,B2B,Apple Juice,Juices,273.69,31,0.05,8060.17,Central,2024-12-11
ORD1345,CUS2472,B2B,Apple Juice,Juices,197.49,26,0.0,5134.74,Eastern,2024-12-12
ORD1346,CUS2433,B2C,Avocado Juice,Juices,278.91,19,0.05,5034.33,North Western,2024-12-13
ORD1347,CUS2150,B2B,Tomato Juice,Juices,259.97,74,0.05,18275.89,North Western,2024-12-14
ORD1348,CUS2414,B2B,Banana Juice,Juices,185.04,31,0.1,5162.62,Eastern,2024-12-15
ORD1349,CUS2477,B2B,Banana Juice,Juices,104.49,99,0.05,9827.28,North Central,2024-12-16
ORD1350,CUS2297,B2C,Tomato Juice,Juices,153.74,91,0.0,13990.34,Uva,2024-12-17
ORD1351,CUS2098,B2C,Apple Juice,Juices,208.33,59,0.0,12291.47,North Central,2024-12-18
ORD1352,CUS2262,B2B,Mango Juice,Juices,226.7,23,0.1,4692.69,Eastern,2024-12-19
ORD1353,CUS2251,B2C,Cranberry Juice,Juices,151.58,73,0.0,11065.34,Western,2024-12-20
ORD1354,CUS2143,B2B,Avocado Juice,Juices,127.87,56,0.05,6802.68,Eastern,2024-12-21
ORD1355,CUS2345,B2B,Cranberry Juice,Juices,266.99,38,0.0,10145.62,Central,2024-12-22
ORD1356,CUS2111,B2C,Tomato Juice,Juices,296.88,85,0.1,22711.32,Eastern,2024-12-23
ORD1357,CUS2499,B2B,Mango Juice,Juices,205.14,45,0.05,8769.73,Eastern,2024-12-24
ORD1358,CUS2059,B2C,Avocado Juice,Juices,134.34,61,0.1,7375.27,Central,2024-12-25
ORD1359,CUS2368,B2C,Tomato Juice,Juices,154.46,85,0.05,12472.64,Eastern,2024-12-26
ORD1360,CUS2001,B2B,Apple Juice,Juices,103.68,16,0.0,1658.88,Northern,2024-12-27
ORD1361,CUS2384,B2B,Banana Juice,Juices,282.86,38,0.1,9673.81,Western,2024-12-28
ORD1362,CUS2303,B2C,Cranberry Juice,Juices,123.55,20,0.1,2223.9,Southern,2024-12-29
ORD1363,CUS2253,B2B,Pineapple Juice,Juices,215.3,42,0.05,8590.47,Western,2024-12-30
ORD1364,CUS2139,B2B,Pineapple Juice,Juices,154.81,15,0.1,2089.94,Eastern,2025-01-01
